"","kappa","spec_sens","no_omission","prevalence","equal_sens_spec","sensitivity","species_name","algorithm","run","partition","presencenb","absencenb","correlation","pvaluecor","AUC","AUC_pval","AUCratio","pROC","pROC_pval","TSSmax","KAPPAmax","dismo_threshold","prevalence.value","PPP","NPP","TPR","TNR","FPR","FNR","CCR","Kappa","F_score","Jaccard"
"thresholds",0.03760733,0.01301383,0.01301383,0.10366834,0.01947209,0.01383905,"L_neivai","svmk",1,9,6,61,0.188982463493438,0.125617480809197,0.743169398907104,NA,1.48633879781421,1.20619729201439,0,0.491803278688525,0.26775956284153,"spec_sens",0.0895522388059701,0.162162162162162,1,1,0.491803278688525,0.508196721311475,0,0.537313432835821,0.147722609766106,0.27906976744186,0.162162162162162
