"","kappa","spec_sens","no_omission","prevalence","equal_sens_spec","sensitivity","species_name","algorithm","run","partition","presencenb","absencenb","correlation","pvaluecor","AUC","AUC_pval","AUCratio","pROC","pROC_pval","TSSmax","KAPPAmax","dismo_threshold","prevalence.value","PPP","NPP","TPR","TNR","FPR","FNR","CCR","Kappa","F_score","Jaccard"
"thresholds",0.64657267,0.43367689,0.43367689,0.08824941,0.44003569,0.44003569,"L_neivai","maxent",1,7,6,61,0.449333760313428,0.000136579211597778,0.890710382513661,NA,1.78142076502732,1.78425263236396,0,0.819672131147541,0.450819672131148,"spec_sens",0.0895522388059701,0.352941176470588,1,1,0.819672131147541,0.180327868852459,0,0.835820895522388,0.448765893792072,0.521739130434783,0.352941176470588
