"","kappa","spec_sens","no_omission","prevalence","equal_sens_spec","sensitivity","species_name","algorithm","run","partition","presencenb","absencenb","correlation","pvaluecor","AUC","AUC_pval","AUCratio","pROC","pROC_pval","TSSmax","KAPPAmax","dismo_threshold","prevalence.value","PPP","NPP","TPR","TNR","FPR","FNR","CCR","Kappa","F_score","Jaccard"
"thresholds",0.02883401,0.02730929,0.02026425,0.05907904,0.02774379,0.02054705,"L_neivai","svme",1,6,7,61,0.192374192033074,0.116027880630811,0.75175644028103,NA,1.50351288056206,1.43369324811185,0,0.545667447306792,0.282467532467533,"spec_sens",0.102941176470588,0.24,0.976744186046512,0.857142857142857,0.688524590163934,0.311475409836066,0.142857142857143,0.705882352941177,0.255202628696605,0.375,0.230769230769231
