"","kappa","spec_sens","no_omission","prevalence","equal_sens_spec","sensitivity","species_name","algorithm","run","partition","presencenb","absencenb","correlation","pvaluecor","AUC","AUC_pval","AUCratio","pROC","pROC_pval","TSSmax","KAPPAmax","dismo_threshold","prevalence.value","PPP","NPP","TPR","TNR","FPR","FNR","CCR","Kappa","F_score","Jaccard"
"thresholds",0.14417745,0.02669264,0.00702798,0.06272747,0.02729916,0.00799175,"L_neivai","svmk",1,5,6,61,0.31964145503268,0.00837163234478402,0.710382513661202,NA,1.4207650273224,1.38363944047783,0,0.472677595628415,0.266958424507659,"spec_sens",0.0895522388059701,0.185185185185185,0.975,0.833333333333333,0.639344262295082,0.360655737704918,0.166666666666667,0.656716417910448,0.183359830418654,0.303030303030303,0.178571428571429
