"","kappa","spec_sens","no_omission","prevalence","equal_sens_spec","sensitivity","species_name","algorithm","run","partition","presencenb","absencenb","correlation","pvaluecor","AUC","AUC_pval","AUCratio","pROC","pROC_pval","TSSmax","KAPPAmax","dismo_threshold","prevalence.value","PPP","NPP","TPR","TNR","FPR","FNR","CCR","Kappa","F_score","Jaccard"
"thresholds",0.03640927,0.03640927,0.01295402,0.07412228,0.02067555,0.01370283,"L_neivai","svmk",1,8,6,61,0.161849636133865,0.190699931671564,0.612021857923497,NA,1.22404371584699,1.22892854930295,0,0.26775956284153,0.26775956284153,"spec_sens",0.0895522388059701,0.333333333333333,0.934426229508197,0.333333333333333,0.934426229508197,0.0655737704918033,0.666666666666667,0.880597014925373,0.26775956284153,0.333333333333333,0.2
