"","kappa","spec_sens","no_omission","prevalence","equal_sens_spec","sensitivity","species_name","algorithm","run","partition","presencenb","absencenb","correlation","pvaluecor","AUC","AUC_pval","AUCratio","pROC","pROC_pval","TSSmax","KAPPAmax","dismo_threshold","prevalence.value","PPP","NPP","TPR","TNR","FPR","FNR","CCR","Kappa","F_score","Jaccard"
"thresholds",0.17893873,0.08582226,0.02967295,0.0929488,0.0929488,0.02987663,"L_neivai","glm",1,5,6,61,0.232161767340277,0.0586934293063513,0.729508196721312,NA,1.45901639344262,1.41507058465645,0,0.489071038251366,0.220232766338406,"spec_sens",0.0895522388059701,0.192307692307692,0.975609756097561,0.833333333333333,0.655737704918033,0.344262295081967,0.166666666666667,0.671641791044776,0.195414847161572,0.3125,0.185185185185185
