"","kappa","spec_sens","no_omission","prevalence","equal_sens_spec","sensitivity","species_name","algorithm","run","partition","presencenb","absencenb","correlation","pvaluecor","AUC","AUC_pval","AUCratio","pROC","pROC_pval","TSSmax","KAPPAmax","dismo_threshold","prevalence.value","PPP","NPP","TPR","TNR","FPR","FNR","CCR","Kappa","F_score","Jaccard"
"thresholds",0.84097357,0.22976254,0.22976254,0.08609326,0.63162883,0.30021919,"L_neivai","maxent",1,1,6,61,0.457247283975823,0.000100283310844037,0.907103825136612,NA,1.81420765027322,1.79733452820108,0,0.721311475409836,0.522565320665083,"spec_sens",0.0895522388059701,0.260869565217391,1,1,0.721311475409836,0.278688524590164,0,0.746268656716418,0.316736652669466,0.413793103448276,0.260869565217391
