"","kappa","spec_sens","no_omission","prevalence","equal_sens_spec","sensitivity","species_name","algorithm","run","partition","presencenb","absencenb","correlation","pvaluecor","AUC","AUC_pval","AUCratio","pROC","pROC_pval","TSSmax","KAPPAmax","dismo_threshold","prevalence.value","PPP","NPP","TPR","TNR","FPR","FNR","CCR","Kappa","F_score","Jaccard"
"thresholds",0.47262727,0.07262727,-1e-04,0.07262727,0.07262727,0.03626364,"L_neivai","bioclim",1,5,6,61,0.272957920344833,0.0254282381258797,0.729508196721312,NA,1.45901639344262,1.74096517696211,0,0.371584699453552,0.307237813884786,"spec_sens",0.0895522388059701,0.181818181818182,0.955555555555556,0.666666666666667,0.704918032786885,0.295081967213115,0.333333333333333,0.701492537313433,0.168734491315136,0.285714285714286,0.166666666666667
