"","kappa","spec_sens","no_omission","prevalence","equal_sens_spec","sensitivity","species_name","algorithm","run","partition","presencenb","absencenb","correlation","pvaluecor","AUC","AUC_pval","AUCratio","pROC","pROC_pval","TSSmax","KAPPAmax","dismo_threshold","prevalence.value","PPP","NPP","TPR","TNR","FPR","FNR","CCR","Kappa","F_score","Jaccard"
"thresholds",1.15225721,0.67770334,-1.65668821,0.23976128,0.68536869,-1.63634291,"L_neivai","brt",1,5,6,61,0.260655901833478,0.0331397873179887,0.751366120218579,NA,1.50273224043716,1.58262310055857,0,0.538251366120219,0.26775956284153,"spec_sens",0.0895522388059701,0.217391304347826,0.977272727272727,0.833333333333333,0.704918032786885,0.295081967213115,0.166666666666667,0.716417910447761,0.236352729454109,0.344827586206897,0.208333333333333
