"","kappa","spec_sens","no_omission","prevalence","equal_sens_spec","sensitivity","species_name","algorithm","run","partition","presencenb","absencenb","correlation","pvaluecor","AUC","AUC_pval","AUCratio","pROC","pROC_pval","TSSmax","KAPPAmax","dismo_threshold","prevalence.value","PPP","NPP","TPR","TNR","FPR","FNR","CCR","Kappa","F_score","Jaccard"
"thresholds",0.2179688,0.09095458,0.02263042,0.09052833,0.07681771,0.03058497,"L_neivai","glm",1,9,6,61,0.16121649731557,0.192464049110375,0.691256830601093,NA,1.38251366120219,1.35946764672534,0,0.404371584699454,0.204275534441805,"spec_sens",0.0895522388059701,0.2,0.957446808510638,0.666666666666667,0.737704918032787,0.262295081967213,0.333333333333333,0.73134328358209,0.197070572569907,0.307692307692308,0.181818181818182
