"","kappa","spec_sens","no_omission","prevalence","equal_sens_spec","sensitivity","species_name","algorithm","run","partition","presencenb","absencenb","correlation","pvaluecor","AUC","AUC_pval","AUCratio","pROC","pROC_pval","TSSmax","KAPPAmax","dismo_threshold","prevalence.value","PPP","NPP","TPR","TNR","FPR","FNR","CCR","Kappa","F_score","Jaccard"
"thresholds",0.70167513,0.70167513,0.24126597,0.08951132,0.44838317,0.2765906,"L_neivai","maxent",1,10,6,61,0.52403975384137,5.3351172613235e-06,0.918032786885246,NA,1.83606557377049,1.798896822567,0,0.751366120218579,0.577731092436975,"spec_sens",0.0895522388059701,0.5,0.982456140350877,0.833333333333333,0.918032786885246,0.0819672131147541,0.166666666666667,0.91044776119403,0.577731092436975,0.625,0.454545454545455
