"","kappa","spec_sens","no_omission","prevalence","equal_sens_spec","sensitivity","species_name","algorithm","run","partition","presencenb","absencenb","correlation","pvaluecor","AUC","AUC_pval","AUCratio","pROC","pROC_pval","TSSmax","KAPPAmax","dismo_threshold","prevalence.value","PPP","NPP","TPR","TNR","FPR","FNR","CCR","Kappa","F_score","Jaccard"
"thresholds",0.0293598,0.02448863,0.02448863,0.04306761,0.02593062,0.02493075,"L_neivai","svme",1,9,6,61,0.300110818866455,0.0136079441444177,0.846994535519126,NA,1.69398907103825,1.48732465883191,0,0.655737704918033,0.505169867060561,"spec_sens",0.0895522388059701,0.222222222222222,1,1,0.655737704918033,0.344262295081967,0,0.686567164179104,0.254372019077902,0.363636363636364,0.222222222222222
