"","kappa","spec_sens","no_omission","prevalence","equal_sens_spec","sensitivity","species_name","algorithm","run","partition","presencenb","absencenb","correlation","pvaluecor","AUC","AUC_pval","AUCratio","pROC","pROC_pval","TSSmax","KAPPAmax","dismo_threshold","prevalence.value","PPP","NPP","TPR","TNR","FPR","FNR","CCR","Kappa","F_score","Jaccard"
"thresholds",0.81954099,0.28731845,0.01166525,0.0921835,0.30154507,0.01411513,"L_neivai","maxent",1,9,6,61,0.288835939404707,0.0177642138100792,0.765027322404372,NA,1.53005464480874,1.57335241842021,0,0.538251366120219,0.353697749196141,"spec_sens",0.0895522388059701,0.217391304347826,0.977272727272727,0.833333333333333,0.704918032786885,0.295081967213115,0.166666666666667,0.716417910447761,0.236352729454109,0.344827586206897,0.208333333333333
