"","kappa","spec_sens","no_omission","prevalence","equal_sens_spec","sensitivity","species_name","algorithm","run","partition","presencenb","absencenb","correlation","pvaluecor","AUC","AUC_pval","AUCratio","pROC","pROC_pval","TSSmax","KAPPAmax","dismo_threshold","prevalence.value","PPP","NPP","TPR","TNR","FPR","FNR","CCR","Kappa","F_score","Jaccard"
"thresholds",0.03007239,0.03007239,0.01147482,0.09480709,0.02725178,0.01268837,"L_neivai","svmk",1,6,7,61,0.185656718789618,0.12957184321887,0.73536299765808,NA,1.47072599531616,1.35415787081141,0,0.440281030444965,0.334519572953737,"spec_sens",0.102941176470588,0.333333333333333,0.946428571428571,0.571428571428571,0.868852459016393,0.131147540983607,0.428571428571429,0.838235294117647,0.334519572953737,0.421052631578947,0.266666666666667
