"","kappa","spec_sens","no_omission","prevalence","equal_sens_spec","sensitivity","species_name","algorithm","run","partition","presencenb","absencenb","correlation","pvaluecor","AUC","AUC_pval","AUCratio","pROC","pROC_pval","TSSmax","KAPPAmax","dismo_threshold","prevalence.value","PPP","NPP","TPR","TNR","FPR","FNR","CCR","Kappa","F_score","Jaccard"
"thresholds",0.17406434,0.17406434,0.0686617,0.09459337,0.12446482,0.07414428,"L_neivai","glm",1,10,6,61,0.498325294911661,1.77578009411703e-05,0.904371584699454,NA,1.80874316939891,1.59756040997333,0,0.76775956284153,0.626532887402453,"spec_sens",0.0895522388059701,0.555555555555556,0.982758620689655,0.833333333333333,0.934426229508197,0.0655737704918033,0.166666666666667,0.925373134328358,0.626532887402453,0.666666666666667,0.5
