"","kappa","spec_sens","no_omission","prevalence","equal_sens_spec","sensitivity","species_name","algorithm","run","partition","presencenb","absencenb","correlation","pvaluecor","AUC","AUC_pval","AUCratio","pROC","pROC_pval","TSSmax","KAPPAmax","dismo_threshold","prevalence.value","PPP","NPP","TPR","TNR","FPR","FNR","CCR","Kappa","F_score","Jaccard"
"thresholds",0.45976667,0.45976667,0.2242,0.08873333,0.45976667,0.22953333,"L_neivai","rf",1,7,6,61,0.307833055116819,0.011271518490902,0.789617486338798,NA,1.5792349726776,1.48042906168126,0,0.587431693989071,0.286284953395472,"spec_sens",0.0895522388059701,0.25,0.978723404255319,0.833333333333333,0.754098360655738,0.245901639344262,0.166666666666667,0.761194029850746,0.286284953395472,0.384615384615385,0.238095238095238
