"","kappa","spec_sens","no_omission","prevalence","equal_sens_spec","sensitivity","species_name","algorithm","run","partition","presencenb","absencenb","correlation","pvaluecor","AUC","AUC_pval","AUCratio","pROC","pROC_pval","TSSmax","KAPPAmax","dismo_threshold","prevalence.value","PPP","NPP","TPR","TNR","FPR","FNR","CCR","Kappa","F_score","Jaccard"
"thresholds",0.04265773,0.03588766,0.01994141,0.09618548,0.03073821,0.020359,"L_neivai","svmk",1,3,6,61,0.379569216838189,0.00153545970195,0.844262295081967,NA,1.68852459016393,1.64406286782111,0,0.702185792349727,0.477146042363434,"spec_sens",0.0895522388059701,0.384615384615385,0.981481481481482,0.833333333333333,0.868852459016393,0.131147540983607,0.166666666666667,0.865671641791045,0.460161145926589,0.526315789473684,0.357142857142857
