"","kappa","spec_sens","no_omission","prevalence","equal_sens_spec","sensitivity","species_name","algorithm","run","partition","presencenb","absencenb","correlation","pvaluecor","AUC","AUC_pval","AUCratio","pROC","pROC_pval","TSSmax","KAPPAmax","dismo_threshold","prevalence.value","PPP","NPP","TPR","TNR","FPR","FNR","CCR","Kappa","F_score","Jaccard"
"thresholds",0.13750039,0.13750039,0.05150185,0.10441803,0.14491744,0.06034945,"L_neivai","glm",1,6,7,61,0.211248703416872,0.0837591334568302,0.779859484777518,NA,1.55971896955504,1.50425888874409,0,0.611241217798595,0.324223602484472,"spec_sens",0.102941176470588,0.285714285714286,0.978723404255319,0.857142857142857,0.754098360655738,0.245901639344262,0.142857142857143,0.764705882352941,0.324223602484472,0.428571428571429,0.272727272727273
