"","kappa","spec_sens","no_omission","prevalence","equal_sens_spec","sensitivity","species_name","algorithm","run","partition","presencenb","absencenb","correlation","pvaluecor","AUC","AUC_pval","AUCratio","pROC","pROC_pval","TSSmax","KAPPAmax","dismo_threshold","prevalence.value","PPP","NPP","TPR","TNR","FPR","FNR","CCR","Kappa","F_score","Jaccard"
"thresholds",0.78936275,0.61711683,0.34655653,0.10050762,0.64457639,0.47471468,"L_longipalpis","maxent",1,2,37,364,0.20475887989141,3.60643113575084e-05,0.716661716661717,NA,1.43332343332343,1.17966473917606,0,0.323136323136323,0.197165051653719,"spec_sens",0.0922693266832918,0.154285714285714,0.955752212389381,0.72972972972973,0.593406593406593,0.406593406593407,0.27027027027027,0.605985037406484,0.120784879686936,0.254716981132075,0.145945945945946
