"","kappa","spec_sens","no_omission","prevalence","equal_sens_spec","sensitivity","species_name","algorithm","run","partition","presencenb","absencenb","correlation","pvaluecor","AUC","AUC_pval","AUCratio","pROC","pROC_pval","TSSmax","KAPPAmax","dismo_threshold","prevalence.value","PPP","NPP","TPR","TNR","FPR","FNR","CCR","Kappa","F_score","Jaccard"
"thresholds",0.75485052,0.4405884,0.2423566,0.08989646,0.60669024,0.44924404,"L_longipalpis","maxent",1,4,37,364,0.192188425085992,0.000107628399427087,0.701811701811702,NA,1.4036234036234,1.13433750890371,0,0.316825066825067,0.190453378956373,"spec_sens",0.0922693266832918,0.132575757575758,0.985401459854015,0.945945945945946,0.370879120879121,0.629120879120879,0.0540540540540541,0.423940149625935,0.0843572381752583,0.232558139534884,0.131578947368421
