"","kappa","spec_sens","no_omission","prevalence","equal_sens_spec","sensitivity","species_name","algorithm","run","partition","presencenb","absencenb","correlation","pvaluecor","AUC","AUC_pval","AUCratio","pROC","pROC_pval","TSSmax","KAPPAmax","dismo_threshold","prevalence.value","PPP","NPP","TPR","TNR","FPR","FNR","CCR","Kappa","F_score","Jaccard"
"thresholds",0.63723041,0.46612401,0.00176788,0.08694779,0.61319812,0.41172452,"L_longipalpis","maxent",1,5,36,364,0.173987738572208,0.000473064411107255,0.676129426129426,NA,1.35225885225885,1.11872379615794,0,0.339438339438339,0.138673557278208,"spec_sens",0.09,0.137931034482759,0.976190476190476,0.888888888888889,0.450549450549451,0.549450549450549,0.111111111111111,0.49,0.0983026874115983,0.238805970149254,0.135593220338983
