"","kappa","spec_sens","no_omission","prevalence","equal_sens_spec","sensitivity","species_name","algorithm","run","partition","presencenb","absencenb","correlation","pvaluecor","AUC","AUC_pval","AUCratio","pROC","pROC_pval","TSSmax","KAPPAmax","dismo_threshold","prevalence.value","PPP","NPP","TPR","TNR","FPR","FNR","CCR","Kappa","F_score","Jaccard"
"thresholds",0.02886901,0.02807212,0.02234491,0.04274704,0.02863593,0.02811488,"L_longipalpis","svmk",1,2,37,364,0.030270182920705,0.545573604025359,0.603430353430353,NA,1.20686070686071,1.09455170238107,0,0.196391446391446,0.165051653719868,"spec_sens",0.0922693266832918,0.114478114478114,0.971153846153846,0.918918918918919,0.277472527472527,0.722527472527473,0.0810810810810811,0.336658354114713,0.0472507056343564,0.203592814371258,0.113333333333333
